,City,Cloudiness,Country,Date,Humidity,Lat,Lng,Max_Temp,Wind_Speed
0,Dolna Banjica,90,MK,1575791691,100,20.9,41.79,41.0,1.72
1,Biak,100,ID,1575791691,67,122.88,-0.91,85.53,6.67
2,Meulaboh,93,ID,1575791691,78,96.13,4.14,81.07,6.08
3,Bestobe,89,KZ,1575791692,89,73.1,52.5,29.7,13.53
4,Bluff,0,AU,1575791692,39,149.07,-23.58,83.52,19.35
5,Sao Filipe,2,CV,1575791692,74,-24.5,14.9,69.01,19.06
6,Jamestown,100,AU,1575791692,8,138.6,-33.21,90.19,2.17
7,Lebu,69,ET,1575791375,43,38.73,8.96,67.64,5.14
8,Rikitea,100,PF,1575791365,78,-134.97,-23.12,74.07,22.06
9,Vaini,40,IN,1575791368,61,74.49,15.34,80.6,8.05
10,Cape Town,20,ZA,1575791166,50,18.42,-33.93,79.0,17.22
11,Ushuaia,75,AR,1575791209,70,-68.31,-54.81,42.8,34.45
12,Margate,75,AU,1575791693,59,147.26,-43.03,66.0,10.29
13,Chiquimulilla,75,GT,1575791693,87,-90.38,14.09,60.8,16.11
14,Dong Hoi,59,VN,1575791537,62,106.6,17.48,65.41,10.29
15,Chester,20,GB,1575791694,81,-2.89,53.19,48.2,21.92
16,Port Alfred,100,ZA,1575791401,77,26.89,-33.59,73.0,3.0
17,Yellowknife,40,CA,1575791694,66,-114.38,62.45,-31.0,5.82
18,Rafai,0,CF,1575791694,22,23.92,4.95,91.47,3.47
19,Khatanga,99,RU,1575791404,88,102.47,71.98,-11.69,3.13
20,Kapaa,1,US,1575791694,100,-159.32,22.08,71.6,6.93
21,College,75,US,1575791695,92,-147.8,64.86,21.2,5.3
22,Bawku,11,GH,1575791695,11,-0.24,11.06,83.48,12.73
23,Galesong,40,ID,1575791467,88,119.37,-5.32,82.4,5.82
24,Adrar,94,DZ,1575791695,48,-0.29,27.87,44.6,8.05
25,Venado Tuerto,8,AR,1575791695,77,-61.97,-33.75,62.01,7.47
26,Athabasca,0,CA,1575791695,86,-113.29,54.72,0.34,4.52
27,Fare,100,PF,1575791695,79,-151.02,-16.7,81.46,18.25
28,Mackenzie,90,CA,1575791696,85,-123.09,55.34,14.0,3.36
29,Komsomolskiy,100,RU,1575791696,77,63.78,67.55,4.35,9.01
30,Esperance,90,AU,1575791700,59,121.89,-33.86,66.2,21.92
31,Mataura,85,NZ,1575791700,71,168.86,-46.19,52.0,8.01
32,Lavrentiya,100,RU,1575791394,94,-170.99,65.58,23.23,21.23
33,Rosarito,40,CO,1575791700,100,-75.23,4.91,64.4,4.7
34,Lida,80,BY,1575791700,91,25.3,53.9,36.37,13.02
35,Itoman,20,JP,1575791701,48,127.67,26.12,66.2,20.8
36,Lagunas,74,PE,1575791701,96,-75.68,-5.23,69.8,1.59
37,Valparaiso,1,US,1575791621,76,-87.06,41.47,36.0,8.05
38,Marsa Matruh,98,EG,1575791701,69,27.25,31.35,67.71,19.55
39,Cabo San Lucas,5,MX,1575791420,88,-109.91,22.89,73.0,5.82
40,Atuona,16,PF,1575791702,74,-139.03,-9.8,79.68,10.67
41,Tasiilaq,16,GL,1575791702,63,-37.64,65.61,26.6,3.36
42,Ikom,0,NG,1575791702,52,8.72,5.96,87.89,1.74
43,East London,20,ZA,1575791552,68,27.91,-33.02,71.6,8.05
44,Narsaq,100,GL,1575791405,29,-46.05,60.91,37.4,17.22
45,Laguna,75,BZ,1575791403,100,-88.94,16.17,71.6,1.66
46,Nabire,100,ID,1575791703,95,135.5,-3.36,76.21,0.74
47,Lompoc,75,US,1575791703,93,-120.46,34.64,60.8,5.82
48,Barrow,4,AR,1575791703,45,-60.23,-38.31,59.02,7.31
49,Alta Floresta,100,BR,1575791703,97,-56.08,-9.87,68.32,2.3
50,Busselton,67,AU,1575791703,22,115.35,-33.64,79.0,17.38
51,Flinders,40,AU,1575791704,60,150.85,-34.58,73.99,17.22
52,Ribeira Grande,75,PT,1575791704,88,-28.7,38.52,64.4,8.05
53,Sechura,100,PE,1575791704,89,-80.82,-5.56,67.98,6.53
54,Georgetown,40,GY,1575791400,100,-58.16,6.8,73.4,4.7
55,Talnakh,40,RU,1575791407,84,88.39,69.49,1.4,8.95
56,Avarua,72,CK,1575791705,69,-159.78,-21.21,77.0,12.75
57,Ancud,2,CL,1575791425,93,-73.83,-41.87,50.0,6.93
58,Ballina,40,IE,1575791705,86,-9.15,54.11,46.99,13.87
59,Puerto Ayora,100,EC,1575791705,88,-90.35,-0.74,71.01,1.01
60,Rancho Palos Verdes,90,US,1575791705,87,-118.37,33.75,62.6,6.93
61,Katsuura,20,JP,1575791411,43,134.5,33.93,55.4,12.75
62,North Bend,90,US,1575791706,100,-124.22,43.41,51.01,3.36
63,Kisangani,75,CD,1575791706,83,25.21,0.52,77.0,4.7
64,Pisco,90,PE,1575791706,88,-76.2,-13.71,68.0,8.05
65,Punta Arenas,100,CL,1575791706,75,-70.91,-53.16,44.6,9.17
66,Baruun-Urt,41,MN,1575791706,79,113.28,46.68,11.01,3.71
67,Pacific Grove,75,US,1575791404,87,-121.92,36.62,59.0,11.59
68,Mitsamiouli,20,KM,1575791707,70,43.28,-11.38,87.8,5.82
69,Nikolskoye,75,RU,1575791707,76,30.79,59.7,36.0,17.9
70,Dingle,3,PH,1575791707,85,122.67,11.0,77.29,14.16
71,Naze,20,NG,1575791707,94,7.07,5.43,75.2,1.86
72,Myitkyina,0,MM,1575791707,35,97.4,25.38,75.38,2.75
73,Salalah,40,OM,1575791707,66,54.1,17.01,84.2,9.17
74,Boguchany,78,RU,1575791708,94,97.46,58.38,21.36,5.26
75,Butaritari,100,KI,1575791708,93,172.79,3.07,75.38,24.9
76,Touros,40,BR,1575791414,88,-35.46,-5.2,75.2,1.12
77,Upernavik,100,GL,1575791413,89,-56.15,72.79,9.09,9.08
78,Flin Flon,0,CA,1575791708,90,-101.88,54.77,-14.37,5.95
79,Hambantota,75,LK,1575791709,88,81.12,6.12,82.4,12.75
80,Sal Rei,75,CV,1575791709,60,-22.92,16.18,69.8,13.87
81,Cururupu,0,BR,1575791709,98,-44.87,-1.82,72.34,2.26
82,Grimshaw,75,CA,1575791709,77,-117.61,56.19,7.0,2.8
83,Muros,90,ES,1575791709,100,-9.06,42.77,57.99,4.7
84,Dikson,82,RU,1575791395,97,80.55,73.51,-11.51,13.65
85,Kumbo,35,CM,1575791710,30,10.69,6.21,77.68,3.31
86,Loralai,100,PK,1575791710,18,68.6,30.37,56.03,2.75
87,Crixas,100,BR,1575791710,93,-49.97,-14.55,71.19,2.46
88,Tuktoyaktuk,0,CA,1575791710,90,-133.03,69.44,-12.6,11.86
89,Lata,0,IN,1575791395,32,78.62,30.78,33.21,6.06
90,Mercedes,33,UY,1575791711,57,-58.03,-33.25,64.0,4.0
91,Juneau,90,US,1575791704,100,-134.42,58.3,37.0,4.05
92,Puerto Escondido,55,MX,1575791711,61,-97.07,15.86,67.98,5.93
93,Saint George,20,GR,1575791711,93,22.34,39.45,46.4,4.7
94,Namibe,20,AO,1575791711,73,12.15,-15.19,69.8,6.93
95,Severo-Kurilsk,100,RU,1575791711,96,156.12,50.68,21.65,11.41
96,Alice Springs,0,AU,1575791711,4,133.88,-23.7,104.0,9.17
97,Katobu,43,ID,1575791712,53,122.53,-4.94,89.37,3.49
98,Sitka,35,US,1575791406,85,-99.65,37.17,37.0,7.07
99,Aklavik,5,CA,1575791712,76,-135.01,68.22,-9.4,4.7
100,Faanui,100,PF,1575791712,79,-151.75,-16.48,81.55,18.32
101,Dunedin,100,NZ,1575791423,91,170.5,-45.87,50.0,7.0
102,Bredasdorp,89,ZA,1575791712,56,20.04,-34.53,69.8,16.11
103,Hithadhoo,16,MV,1575791713,79,73.08,-0.6,82.69,12.5
104,Albany,1,US,1575791703,100,-73.75,42.65,12.0,1.5
105,Affery,28,CI,1575791713,79,-3.95,6.32,80.74,1.83
106,Izhma,100,RU,1575791713,98,53.91,65.01,33.66,13.06
107,Constitucion,0,MX,1575791713,53,-104.67,23.99,55.0,8.01
108,Vao,39,EE,1575791415,83,26.19,59.1,35.08,9.98
109,Gizo,40,IL,1575791713,72,34.94,31.8,61.0,13.87
110,Port Elizabeth,1,US,1575791714,79,-74.98,39.31,30.99,3.98
111,Paraiso,6,BR,1575791714,100,-51.17,-0.03,77.0,4.7
112,Pangnirtung,100,CA,1575791715,64,-65.72,66.15,-0.29,9.57
113,Luderitz,29,NA,1575791559,77,15.16,-26.65,66.2,11.41
114,Arraial do Cabo,43,BR,1575791407,71,-42.02,-22.97,71.92,9.35
115,Castro,79,CL,1575791406,93,-73.76,-42.48,50.0,6.93
116,Santiago del Estero,0,AR,1575791715,63,-64.26,-27.8,67.19,3.94
117,Umm Kaddadah,0,SD,1575791715,20,26.69,13.6,74.19,19.82
118,Lulea,0,SE,1575791571,92,22.15,65.58,12.2,4.7
119,Krk,75,HR,1575791716,93,14.57,45.03,54.0,4.7
120,Hovd,40,NO,1575791717,89,10.7,63.83,35.01,18.34
121,Kaitangata,100,NZ,1575791720,75,169.85,-46.28,53.01,1.99
122,Camacha,40,PT,1575791720,72,-16.33,33.08,62.6,8.05
123,Hilo,90,US,1575791720,78,-155.08,19.71,73.4,6.93
124,Avera,90,US,1575791721,81,-82.53,33.19,51.01,9.17
125,Hermanus,100,ZA,1575791721,69,19.24,-34.42,79.0,13.0
126,Cidreira,0,BR,1575791721,75,-50.22,-30.17,67.87,13.65
127,Mecca,0,SA,1575791488,31,39.83,21.43,79.11,4.54
128,Tekeli,0,KZ,1575791721,66,78.76,44.86,32.0,3.38
129,Victor Harbor,94,AU,1575791722,7,138.62,-35.55,98.6,11.41
130,Alyangula,0,AU,1575791722,39,136.42,-13.85,96.8,4.7
131,Miraflores,100,PE,1575791722,76,-71.52,-16.39,50.0,0.34
132,Hokitika,16,NZ,1575791722,68,170.96,-42.72,56.19,20.78
133,Ozieri,0,IT,1575791723,81,9.0,40.59,60.01,11.41
134,Qaanaaq,0,GL,1575791723,59,-69.36,77.48,-3.17,10.69
135,Vila,40,IT,1575791723,80,8.4,45.18,41.0,5.82
136,Cabcaben,40,PH,1575791723,52,120.59,14.45,87.8,11.41
137,Pevek,100,RU,1575791409,98,170.27,69.7,-2.04,6.82
138,Beringovskiy,92,RU,1575791407,94,179.32,63.05,-3.55,31.99
139,Rauma,75,FI,1575791723,80,21.5,61.13,33.8,5.82
140,Uppsala,100,SE,1575791724,92,17.64,59.86,32.0,5.82
141,Hasaki,20,JP,1575791724,61,140.83,35.73,51.8,5.82
142,Grand Gaube,40,MU,1575791724,74,57.66,-20.01,86.0,17.22
143,Mogadishu,75,SO,1575791724,66,45.34,2.04,86.0,11.41
144,Longyearbyen,40,NO,1575791425,71,15.63,78.22,3.2,11.41
145,Okhotsk,97,RU,1575791724,80,143.24,59.36,-2.56,11.77
146,New Norfolk,75,AU,1575791414,59,147.06,-42.78,69.01,10.29
147,Luanda,40,AO,1575791724,69,13.24,-8.83,82.4,8.05
148,Brookhaven,1,US,1575791725,62,-72.92,40.78,28.0,3.36
149,Piacabucu,33,BR,1575791725,81,-36.43,-10.41,78.85,10.76
150,Surgut,0,RU,1575791725,84,73.4,61.25,-0.4,4.47
151,Geraldton,90,CA,1575791725,96,-86.95,49.72,32.0,13.87
152,Ayia Galini,75,GR,1575791725,93,24.68,35.1,66.0,9.17
153,Vila Franca do Campo,75,PT,1575791392,87,-25.43,37.72,62.01,2.24
154,Ponta do Sol,98,BR,1575791726,94,-46.0,-20.63,63.05,3.44
155,Airai,0,TL,1575791415,65,125.41,-8.93,77.02,3.96
156,Malpe,20,IN,1575791726,43,74.72,13.35,91.4,9.17
157,Jiayuguan,0,CN,1575791726,18,98.29,39.77,44.13,21.56
158,Victoria,75,BN,1575791112,74,115.24,5.28,86.0,6.93
159,Ahuimanu,20,US,1575791727,78,-157.84,21.44,73.4,2.62
160,Banda Aceh,80,ID,1575791530,84,95.32,5.56,78.89,6.69
161,Podporozhye,100,RU,1575791727,96,34.16,60.91,35.35,13.35
162,Nyurba,99,RU,1575791727,97,118.35,63.29,-17.32,5.75
163,Sweetwater,1,US,1575791727,58,-100.41,32.47,57.2,16.11
164,San Quintin,0,PH,1575791727,71,120.52,17.54,73.31,11.45
165,Fuerte Olimpo,100,BR,1575791728,46,-57.87,-21.04,80.31,0.56
166,Port Augusta,100,AU,1575791403,5,137.76,-32.49,105.8,17.22
167,Hervey Bay,0,AU,1575791728,54,152.85,-25.3,84.2,19.46
168,Chokurdakh,17,RU,1575791728,70,147.9,70.62,-26.73,3.27
169,Merauke,78,ID,1575791728,50,140.4,-8.49,83.07,7.09
170,Sakaiminato,75,JP,1575791728,50,133.23,35.55,53.6,2.24
171,Turzovka,90,SK,1575791729,91,18.63,49.41,43.0,2.24
172,Bangkalan,0,ID,1575791729,63,112.74,-7.05,87.64,9.15
173,Snasa,100,NO,1575791729,94,12.38,64.25,17.56,6.42
174,Hamilton,20,CA,1575791498,85,-79.87,43.26,34.0,6.93
175,Greensboro,1,US,1575791435,100,-79.79,36.07,39.0,6.53
176,Micheweni,35,TZ,1575791729,70,39.83,-4.97,83.64,7.63
177,Swift Current,90,CA,1575791730,92,-107.8,50.29,10.4,14.99
178,Petropavlovsk-Kamchatskiy,0,RU,1575791730,72,158.65,53.05,14.0,8.95
179,Faya,0,SA,1575791730,55,42.45,18.39,68.0,8.05
180,Cherskiy,100,RU,1575791405,100,161.3,68.75,-28.59,0.89
181,Esna,90,RO,1575791730,92,27.57,45.2,30.2,4.7
182,Garden City,75,US,1575791545,100,-116.24,43.62,46.4,4.59
183,Conway,90,US,1575791730,100,-92.44,35.09,41.0,5.82
184,Digby,100,CA,1575791731,64,-65.76,44.62,26.24,17.74
185,Ouallam,0,NE,1575791731,9,2.08,14.32,82.18,13.06
186,Thinadhoo,30,MV,1575791731,80,72.93,0.53,82.89,11.05
187,Pochutla,31,MX,1575791731,64,-96.47,15.74,79.27,4.76
188,Hobart,75,AU,1575791731,59,147.33,-42.88,66.0,10.29
189,Zambezi,96,ZM,1575791731,83,23.12,-13.55,72.39,7.0
190,Shancheng,0,CN,1575791731,38,117.17,26.9,48.67,3.49
191,Malartic,90,CA,1575791732,92,-78.13,48.14,24.8,19.46
192,Troitskoye,100,RU,1575791732,93,84.68,52.98,27.61,17.0
193,Pula,90,EC,1575791732,78,-79.93,-1.95,75.2,10.29
194,Saskylakh,24,RU,1575791732,94,114.09,71.97,-12.77,8.95
195,Shimoda,20,JP,1575791732,46,138.93,34.7,53.6,10.29
196,Brunsbuttel,75,DE,1575791733,87,9.15,53.9,48.2,19.46
197,Arroio Grande,39,BR,1575791733,87,-53.09,-32.24,53.04,3.27
198,Tura,100,RU,1575791733,96,100.22,64.27,2.84,4.25
199,Provideniya,100,RU,1575791408,95,-173.23,64.42,16.92,16.87
200,Obo,25,CF,1575791733,24,26.49,5.39,88.5,6.6
201,Isangel,100,VU,1575791733,86,169.27,-19.55,76.5,15.28
202,Thompson,5,CA,1575791734,75,-97.86,55.74,-20.2,6.93
203,Broome,40,GB,1575791734,71,1.45,52.47,51.8,26.4
204,Luau,94,CD,1575791734,69,22.23,-10.7,77.65,3.62
205,Carnarvon,0,ZA,1575791402,18,22.13,-30.97,82.99,3.6
206,Santa Rosa,0,AR,1575791734,49,-64.29,-36.62,61.93,9.69
207,Bathsheba,20,BB,1575791402,74,-59.52,13.22,78.8,18.34
208,Kandi,43,BJ,1575791734,12,2.93,11.13,83.86,6.38
209,Zakamensk,93,RU,1575791735,86,103.29,50.38,10.76,1.48
210,Priekule,72,LV,1575791735,75,21.6,56.45,44.6,17.22
211,Maragheh,90,IR,1575791735,86,46.24,37.39,39.2,2.24
212,Pontal do Parana,20,BR,1575791735,100,-48.51,-25.67,68.0,1.99
213,Chuy,33,UY,1575791403,85,-53.46,-33.69,56.12,6.51
214,Gold Coast,90,AU,1575791736,78,153.41,-28.0,80.01,18.34
215,Iqaluit,90,CA,1575791736,67,-68.52,63.75,17.6,25.28
216,Manbij,75,SY,1575791740,75,37.96,36.53,44.6,2.62
217,Oksfjord,91,NO,1575791740,74,22.35,70.24,30.2,16.11
218,Mount Pleasant,1,US,1575791740,93,-94.97,33.16,46.99,3.36
219,Lichuan,75,CN,1575791740,78,108.94,30.3,43.86,3.4
220,Iralaya,1,HN,1575791740,82,-83.23,15.0,79.2,18.92
221,Nikolayevsk-na-amure,64,RU,1575791741,78,140.72,53.14,-17.23,5.88
222,Mahebourg,40,MU,1575791741,74,57.7,-20.41,86.0,17.22
223,Forest Lake,1,US,1575791741,69,-92.99,45.28,39.99,11.41
224,Inirida,100,CO,1575791741,98,-67.92,3.87,71.56,1.57
225,Atambua,0,ID,1575791741,73,124.89,-9.11,81.48,4.68
226,Lodja,99,CD,1575791741,85,23.6,-3.52,75.63,2.62
227,Bani,1,YE,1575791742,53,42.93,16.02,86.4,5.55
228,Lahad Datu,100,MY,1575791742,81,118.33,5.02,81.73,3.38
229,Gazanjyk,86,TM,1575791742,56,55.52,39.24,48.27,9.1
230,Loja,70,EC,1575791742,97,-79.2,-4.0,55.4,4.09
231,Rocha,0,UY,1575791743,73,-54.34,-34.48,51.19,8.68
232,Straumen,40,NO,1575791743,91,11.3,63.87,35.01,18.34
233,Grand-Santi,29,GF,1575791743,99,-54.38,4.27,69.04,1.41
234,Araguaina,2,BR,1575791743,85,-48.21,-7.19,73.99,1.68
235,Mar del Plata,91,AR,1575791405,72,-67.52,-46.43,54.75,6.67
236,Ayan,100,IR,1575791744,90,44.7,38.23,30.22,0.83
237,Lashio,47,MM,1575791744,35,97.75,22.93,67.19,3.65
238,Constantine,75,DZ,1575791744,87,6.61,36.36,50.0,4.7
239,Norman Wells,20,CA,1575791394,74,-126.83,65.28,-25.6,4.7
240,Savannah Bight,4,HN,1575791744,69,-85.85,16.45,80.04,9.4
241,Soligalich,100,RU,1575791744,87,42.29,59.08,33.76,14.45
242,Sobolevo,92,RU,1575791744,84,31.9,54.43,35.62,14.65
243,Prince Albert,90,CA,1575791745,76,-105.75,53.2,-5.8,4.7
244,Byron Bay,40,AU,1575791420,73,153.62,-28.65,77.0,13.87
245,Jatai,0,IN,1575791745,29,76.18,28.97,74.79,1.57
246,Vengerovo,87,RU,1575791745,91,76.74,55.68,30.47,11.16
247,Nanortalik,100,GL,1575791745,66,-45.24,60.14,34.77,17.81
248,Mount Gambier,92,AU,1575791564,15,140.78,-37.83,89.6,9.17
249,Coracora,100,PE,1575791746,89,-73.78,-15.02,45.34,0.27
250,Arlit,78,NE,1575791746,8,7.39,18.74,85.1,12.8
251,Achinsk,99,RU,1575791746,92,90.5,56.27,27.16,11.63
252,Black River,20,JM,1575791746,83,-77.85,18.03,78.8,3.36
253,Port Hardy,5,CA,1575791403,96,-127.42,50.7,33.8,4.7
254,Ahipara,100,NZ,1575791746,100,173.16,-35.17,69.01,17.47
255,Isla Mujeres,40,MX,1575791422,100,-86.73,21.23,68.0,4.7
256,Litovko,0,RU,1575791747,93,135.18,49.24,-9.29,5.61
257,Aksarka,54,RU,1575791747,94,67.8,66.56,-10.53,9.93
258,Senador Jose Porfirio,45,BR,1575791747,92,-51.95,-2.59,72.9,3.0
259,Utica,1,US,1575791602,100,-75.23,43.1,16.0,4.09
260,Gat,100,SN,1575791748,77,-16.54,14.69,68.0,16.11
261,Ilulissat,95,GL,1575791748,56,-51.1,69.22,15.8,14.99
262,Sernovodsk,100,RU,1575791748,93,51.26,53.92,31.87,15.26
263,Abu Kamal,81,SY,1575791748,51,40.92,34.45,58.57,11.14
264,Were Ilu,0,ET,1575791748,32,39.43,10.6,67.87,9.13
265,Abbeyfeale,75,IE,1575791748,70,-9.3,52.38,46.4,26.4
266,Bilma,100,NE,1575791748,14,12.92,18.69,76.15,14.79
267,Galveston,1,US,1575791749,79,-86.19,40.58,33.8,4.7
268,Chimoio,36,MZ,1575791749,41,33.48,-19.11,89.85,4.65
269,Ribas do Rio Pardo,40,BR,1575791749,64,-53.76,-20.45,66.94,1.86
270,Kalaleh,75,IR,1575791749,87,55.49,37.38,50.0,5.77
271,Guerrero Negro,96,MX,1575791393,69,-114.04,27.97,66.74,6.91
272,Banswada,77,IN,1575791749,53,77.88,18.38,79.48,4.36
273,Picui,91,BR,1575791750,85,-36.35,-6.51,73.11,6.93
274,Rio Cuarto,90,AR,1575791622,82,-64.35,-33.13,64.4,8.05
275,Bethel,1,US,1575791624,80,-161.76,60.79,33.8,13.87
276,Lagoa,0,PT,1575791750,87,-8.45,37.14,53.01,4.7
277,Kimbe,100,PG,1575791750,80,150.15,-5.56,78.01,0.51
278,Los Llanos de Aridane,40,ES,1575791750,63,-17.92,28.66,66.2,14.99
279,Buala,100,SB,1575791751,77,159.59,-8.15,80.94,5.88
280,Souillac,90,FR,1575791751,100,-0.6,45.6,53.6,13.87
281,Pitimbu,20,BR,1575791751,94,-34.81,-7.47,77.0,4.7
282,Vanimo,94,PG,1575791751,78,141.3,-2.67,84.24,15.82
283,Tiruchchendur,75,IN,1575791751,70,78.12,8.48,84.2,9.17
284,Paengaroa,100,NZ,1575791751,96,176.42,-37.83,69.01,4.0
285,Tiksi,77,RU,1575791393,81,128.87,71.64,-25.6,7.07
286,Salekhard,91,RU,1575791752,94,66.62,66.54,-10.34,6.06
287,Vestmannaeyjar,33,IS,1575791752,70,-20.27,63.44,32.58,30.49
288,Lucea,20,JM,1575791752,83,-78.17,18.44,78.8,3.36
289,Hualmay,99,PE,1575791401,88,-77.61,-11.1,64.24,2.08
290,Birao,3,CF,1575791752,19,22.78,10.3,83.53,16.2
291,Palana,100,RU,1575791752,91,159.95,59.08,7.47,2.46
292,Belomorsk,100,RU,1575791753,98,34.76,64.52,35.17,8.93
293,LaBelle,90,US,1575791753,87,-81.44,26.76,66.0,5.64
294,Cap Malheureux,40,MU,1575791753,74,57.61,-19.98,86.0,17.22
295,Nome,1,US,1575791753,93,-94.42,30.04,53.01,4.99
296,Fairbanks,75,US,1575791307,92,-147.72,64.84,19.0,2.89
297,Inuvik,5,CA,1575791754,76,-133.71,68.36,-9.4,4.7
298,Odemira,0,PT,1575791754,90,-8.64,37.6,54.0,0.76
299,Uttaradit,0,TH,1575791754,27,100.1,17.63,82.99,3.36
300,Rundu,45,NA,1575791754,44,19.77,-17.91,77.0,4.7
301,Fukue,20,JP,1575791754,58,136.69,35.03,57.0,18.34
302,Anadyr,20,RU,1575791754,77,177.51,64.73,0.0,20.13
303,Mahajanga,40,MG,1575791755,66,46.32,-15.72,89.6,4.7
304,Wonthaggi,94,AU,1575791755,72,145.59,-38.6,75.99,7.65
305,Rio Grande,19,BR,1575791755,96,-52.1,-32.03,55.99,4.79
306,Palmer,96,AU,1575791755,7,139.16,-34.85,98.6,11.41
307,Pingliang,0,CN,1575791756,49,106.68,35.54,32.5,5.7
308,Ternate,40,PH,1575791756,52,120.72,14.29,87.8,11.41
309,Caravelas,100,BR,1575791756,90,-39.27,-17.73,72.48,8.16
310,Hami,0,CN,1575791425,41,93.51,42.84,33.48,2.04
311,Namatanai,100,PG,1575791406,67,152.44,-3.66,85.17,3.09
312,Lazaro Cardenas,28,MX,1575791761,73,-105.62,28.39,51.01,3.0
313,Kavieng,100,PG,1575791761,67,150.8,-2.57,85.23,2.84
314,Russellville,75,US,1575791761,93,-93.13,35.28,41.0,4.7
315,Poso,70,ID,1575791761,91,120.75,-1.4,71.91,0.63
316,Polunochnoye,100,RU,1575791761,89,60.43,60.87,31.55,7.9
317,Kangaatsiaq,88,GL,1575791762,89,-53.46,68.31,14.05,7.74
318,Mimoso do Sul,100,BR,1575791762,96,-41.37,-21.07,61.48,0.78
319,Menongue,100,AO,1575791762,87,17.68,-14.66,66.52,6.02
320,Hofn,100,IS,1575791762,76,-15.21,64.25,40.59,45.37
321,Aksu,90,KZ,1575791763,92,76.93,52.04,32.0,17.9
322,Ulaangom,98,MN,1575791763,92,92.07,49.98,6.42,1.81
323,Kaka,0,TM,1575791763,38,59.62,37.35,61.12,10.27
324,Riyadh,0,SA,1575791763,77,46.72,24.63,60.8,10.29
325,San Vicente,75,EC,1575791763,88,-80.41,-0.59,75.2,1.12
326,Bubaque,88,GW,1575791763,42,-15.83,11.28,78.12,16.06
327,Leh,0,IN,1575791764,45,77.58,34.16,10.15,2.33
328,Eureka,90,US,1575791764,100,-124.16,40.8,53.6,4.34
329,Kichmengskiy Gorodok,99,RU,1575791764,88,45.81,59.99,31.59,15.21
330,Mandalgovi,100,MN,1575791764,43,106.27,45.76,25.65,10.29
331,Tema,20,GH,1575791764,88,-0.01,5.66,78.8,6.93
332,Oistins,20,BB,1575791764,74,-59.53,13.07,78.8,18.34
333,Northam,0,AU,1575791765,38,116.67,-31.65,77.0,19.46
334,Olutanga,83,PH,1575791765,72,122.85,7.31,82.85,3.27
335,Hazorasp,75,UZ,1575791765,38,61.08,41.32,41.0,13.87
336,Lorengau,43,PG,1575791765,68,147.27,-2.02,84.72,4.61
337,La Crosse,1,US,1575791518,64,-91.24,43.8,39.99,5.82
338,Harper,1,US,1575791423,87,-99.24,30.3,53.01,11.16
339,Alvaraes,96,BR,1575791766,95,-64.8,-3.22,73.33,1.48
340,Kedougou,92,SN,1575791766,21,-12.19,12.56,79.84,1.9
341,Cacoal,100,BR,1575791766,97,-61.44,-11.43,72.43,1.07
342,Roura,19,GF,1575791766,100,-52.33,4.73,71.6,1.43
343,Mount Isa,0,AU,1575791766,6,139.49,-20.73,107.6,8.05
344,San Cristobal,86,HN,1575791766,97,-86.92,14.68,62.6,3.29
345,Saint-Philippe,75,CA,1575791393,92,-73.48,45.36,18.0,3.36
346,Tessalit,0,ML,1575791767,8,1.01,20.2,80.02,6.42
347,Kamen-Rybolov,0,RU,1575791767,86,132.04,44.75,10.76,2.62
348,Bellmead,1,US,1575791767,93,-97.11,31.59,51.8,4.7
349,Porgera,50,PG,1575791767,85,143.15,-5.46,51.82,4.27
350,Iracoubo,2,GF,1575791768,79,-53.21,5.48,80.26,9.15
351,Gap,0,FR,1575791768,71,6.08,44.56,34.0,1.01
352,Ust-Ilimsk,100,RU,1575791768,95,102.73,57.96,22.23,7.05
353,Coquimbo,20,CL,1575791768,87,-71.34,-29.95,55.4,4.7
354,Taltal,57,CL,1575791405,93,-70.49,-25.41,52.02,2.17
355,Moose Factory,90,CA,1575791768,92,-80.61,51.26,28.4,16.11
356,Poya,100,NC,1575791768,91,165.16,-21.35,77.43,13.11
357,Port Lincoln,67,AU,1575791409,29,135.86,-34.72,83.03,7.36
358,Biltine,0,TD,1575791769,13,20.93,14.53,81.95,18.54
359,Aylmer,75,CA,1575791611,86,-80.98,42.77,33.01,5.82
360,Williams Lake,90,CA,1575791546,92,-122.14,52.13,15.8,6.93
361,San Jeronimo,100,PE,1575791769,95,-73.37,-13.65,49.17,2.39
362,Kavaratti,100,IN,1575791424,75,72.64,10.57,82.63,9.73
363,Moba,91,CD,1575791769,75,29.77,-7.04,75.45,8.05
364,Cap-aux-Meules,100,CA,1575791769,71,-61.86,47.38,23.0,28.86
365,Mehamn,69,NO,1575791770,91,27.85,71.03,21.72,6.46
366,Akdepe,0,TM,1575791770,24,59.39,42.05,42.8,13.87
367,Torbay,20,CA,1575791770,73,-52.73,47.66,25.0,19.46
368,Gainesville,75,US,1575791770,100,-82.33,29.65,57.99,8.05
369,Brownfield,1,US,1575791770,75,-102.27,33.18,51.01,9.17
370,Shestakovo,100,RU,1575791770,93,103.96,56.49,20.71,7.09
371,Ilheus,40,BR,1575791667,100,-39.05,-14.79,77.0,1.12
372,Baglung,0,NP,1575791771,48,83.59,28.27,48.92,6.78
373,Evinayong,0,GQ,1575791771,76,10.55,1.44,79.16,0.51
374,Kakinada,40,IN,1575791771,52,82.22,16.93,87.8,5.82
375,Gueret,90,FR,1575791772,100,1.87,46.17,51.01,12.75
376,Aykhal,75,RU,1575791772,75,111.51,65.95,-14.8,4.47
377,Bitung,40,ID,1575791772,94,125.19,1.44,78.8,3.36
378,Aborlan,20,PH,1575791772,66,118.55,9.44,87.8,18.34
379,Kalmunai,100,LK,1575791424,80,81.82,7.42,80.46,14.85
380,Faridpur,40,BD,1575791772,42,89.84,23.6,82.4,6.93
381,Sola,20,TZ,1575791772,56,33.8,-3.17,77.16,2.01
382,San Carlos de Bariloche,1,AR,1575791773,81,-71.31,-41.13,42.8,4.7
383,Turukhansk,100,RU,1575791773,96,87.96,65.8,5.09,7.78
384,Kardla,34,EE,1575791773,80,26.57,58.44,36.0,16.11
385,Omsukchan,100,RU,1575791773,100,155.8,62.53,-24.88,6.06
386,Santa Cruz,2,BR,1575791773,86,-36.02,-6.22,74.89,1.36
387,Eyemouth,0,GB,1575791773,75,-2.09,55.87,44.6,18.34
388,Kalmar,75,SE,1575791702,100,16.36,56.66,44.01,9.17
389,Richards Bay,79,ZA,1575791411,74,32.06,-28.77,72.07,14.18
390,Ostrovnoy,100,RU,1575791774,97,39.51,68.05,27.07,3.56
391,Tiassale,100,CI,1575791774,90,-4.83,5.9,75.74,1.07
392,Fort Nelson,20,CA,1575791774,84,-122.69,58.81,-0.4,4.7
393,High Rock,59,BS,1575791774,72,-78.28,26.63,73.45,12.97
394,Nizhniy Kuranakh,97,RU,1575791774,87,125.49,58.84,-19.41,1.81
395,Chinhoyi,41,ZW,1575791774,44,30.19,-17.36,85.19,7.09
396,Nemuro,75,JP,1575791775,73,145.57,43.32,19.4,10.29
397,Cody,1,US,1575791775,48,-109.06,44.53,42.8,9.17
398,San Patricio,100,PY,1575791775,58,-56.83,-26.98,64.44,6.51
399,Kailua,20,US,1575791775,78,-157.74,21.39,73.4,8.46
400,Bafq,100,IR,1575791775,34,55.4,31.6,65.08,15.86
401,Llanelli,30,GB,1575791775,76,-4.16,51.68,50.0,28.86
402,Sioux Lookout,90,CA,1575791776,92,-91.92,50.1,23.0,4.7
403,Coahuayana,0,MX,1575791776,76,-100.35,18.62,68.25,1.97
404,Sorland,40,NO,1575791776,92,12.69,67.67,30.2,2.24
405,Cananeia,48,BR,1575791780,92,-47.93,-25.01,64.78,2.68
406,Kuopio,90,FI,1575791780,92,27.68,62.89,30.2,8.05
407,Kokorevka,90,RU,1575791780,91,34.27,52.59,33.8,11.18
408,Praya,40,ID,1575791781,41,116.27,-8.71,95.0,12.75
409,Clyde River,1,CA,1575791781,74,-68.59,70.47,-23.8,9.17
410,Bujumbura,100,BI,1575791781,98,29.37,-3.36,59.81,3.87
411,Peniche,75,PT,1575791781,100,-9.38,39.36,57.99,3.36
412,Porto Belo,47,BR,1575791781,88,-48.54,-27.15,66.99,8.05
413,Kodinsk,98,RU,1575791781,94,99.18,58.6,21.09,6.76
414,Yugorsk,100,RU,1575791781,96,63.33,61.32,23.72,7.4
415,Matadi,44,CD,1575791782,73,13.46,-5.83,83.55,1.97
416,Batagay-Alyta,0,RU,1575791782,66,130.41,67.8,-15.72,5.53
417,Houma,0,CN,1575791782,33,111.36,35.63,44.82,5.35
418,Labuhan,100,ID,1575791782,89,115.51,-2.54,81.55,0.51
419,Rawson,1,AR,1575791782,56,-65.11,-43.3,61.48,21.72
420,Kruisfontein,100,ZA,1575791782,71,24.73,-34.0,66.22,10.6
421,Kirakira,100,SB,1575791783,86,161.92,-10.46,78.01,5.26
422,Derbent,100,RU,1575791783,71,48.29,42.06,49.12,2.1
423,Taoudenni,100,ML,1575791783,27,-3.98,22.68,71.78,12.86
424,Cayenne,21,GF,1575791783,100,-52.33,4.94,71.6,2.48
425,Sao Miguel do Araguaia,100,BR,1575791553,93,-50.16,-13.28,73.58,3.56
426,Rosetta,100,EG,1575791783,61,30.42,31.4,68.38,12.77
427,Moroni,75,GR,1575791783,93,24.92,35.09,66.0,9.17
428,Carutapera,0,BR,1575791784,80,-46.02,-1.2,81.43,15.08
429,Lengshuitan,0,CN,1575791784,26,111.6,26.41,60.73,4.07
430,Pakxan,21,LA,1575791784,29,103.66,18.39,71.44,3.8
431,Kahului,1,US,1575791784,82,-156.47,20.89,73.0,5.82
432,Port Shepstone,100,ZA,1575791784,90,30.45,-30.74,64.36,5.86
433,Srednekolymsk,50,RU,1575791395,100,153.71,67.46,-30.32,2.73
434,Eyl,35,SO,1575791785,79,49.82,7.98,80.64,11.56
435,Khandbari,10,NP,1575791785,46,87.21,27.38,49.77,5.14
436,Rabak,0,SD,1575791785,29,32.74,13.18,87.19,16.4
437,Nizwa,99,OM,1575791785,73,57.53,22.93,68.83,4.99
438,Lasa,40,CY,1575791405,59,32.53,34.92,62.6,4.7
439,Fallon,90,US,1575791785,74,-105.12,46.84,37.4,11.41
440,Moree,0,AU,1575791785,7,149.84,-29.46,98.6,1.12
441,Kieta,91,PG,1575791786,71,155.63,-6.22,82.92,4.43
442,Mahuva,20,IN,1575791786,60,71.76,21.09,77.59,14.9
443,Qasigiannguit,95,GL,1575791410,56,-51.19,68.82,15.8,14.99
444,Ukiah,90,US,1575791786,93,-123.21,39.15,55.99,4.7
445,Bambous Virieux,40,MU,1575791409,74,57.76,-20.34,86.0,17.22
446,Acajutla,7,SV,1575791786,58,-89.83,13.59,82.04,5.93
447,Terney,0,RU,1575791786,67,136.61,45.05,5.67,5.46
448,Det Udom,75,TH,1575791786,44,105.08,14.9,77.0,16.11
449,Salcedo,40,DO,1575791787,100,-70.42,19.38,73.99,1.05
450,Codrington,75,AU,1575791787,61,153.24,-28.95,77.0,12.75
451,Ca Mau,100,VN,1575791616,67,105.15,9.18,80.22,4.68
452,Yar-Sale,17,RU,1575791787,96,70.83,66.83,-12.21,10.69
453,Zapolyarnyy,79,RU,1575791394,92,30.82,69.43,21.2,5.82
454,Padang,60,ID,1575791787,82,100.36,-0.92,77.52,0.47
455,Lazurne,100,UA,1575791787,83,34.99,46.77,43.18,5.61
456,Kodiak,1,US,1575791788,69,-94.76,39.95,39.99,8.05
457,Kosonsoy,90,UZ,1575791788,37,71.55,41.25,33.8,2.93
458,Pinega,100,RU,1575791788,99,43.39,64.7,35.29,11.77
459,Bud,100,NO,1575791415,69,6.91,62.91,35.6,16.11
460,Strezhevoy,7,RU,1575791788,77,77.6,60.73,5.0,2.24
461,Christchurch,0,NZ,1575791788,36,172.64,-43.53,64.4,13.87
462,Tautira,75,PF,1575791414,83,-149.15,-17.73,77.0,6.93
463,Russkaya Polyana,98,RU,1575791789,93,73.88,53.78,29.61,10.07
464,Kolondieba,100,ML,1575791789,16,-6.89,11.09,76.96,4.9
465,Te Anau,79,NZ,1575791665,73,167.72,-45.41,45.12,9.33
466,Klyuchevskiy,99,RU,1575791789,97,119.45,53.53,-9.62,1.21
467,Necochea,46,AR,1575791789,80,-58.74,-38.55,64.0,5.99
468,Ixtapa,5,MX,1575791401,94,-105.21,20.71,75.2,4.7
469,Boende,16,CD,1575791790,52,20.88,-0.28,87.49,3.36
470,Belmonte,94,PT,1575791790,87,-7.35,40.36,46.99,3.13
471,Matay,0,EG,1575791790,54,30.79,28.42,63.63,4.81
472,Quatre Cocos,40,MU,1575791421,74,57.76,-20.21,86.0,17.22
473,Terra Roxa,56,BR,1575791790,82,-48.33,-20.79,68.0,5.82
474,Maceio,16,BR,1575791791,94,-35.74,-9.67,75.2,3.36
475,Mikhaylovka,100,RU,1575791791,95,103.29,52.96,17.04,2.28
476,Acapulco,5,MX,1575791791,83,-99.88,16.86,75.2,3.96
477,Yumen,1,CN,1575791546,29,97.04,40.29,39.24,20.18
478,Evensk,72,RU,1575791791,69,159.24,61.92,-1.88,11.54
479,Meiganga,3,CM,1575791791,18,14.29,6.52,85.95,5.59
480,Monrovia,40,LR,1575791792,100,-10.8,6.33,75.2,6.93
481,Kotido,64,UG,1575791792,37,34.12,3.01,83.01,10.74
482,Saldanha,100,PT,1575791792,88,-6.55,41.42,43.79,4.74
483,General Pico,0,AR,1575791792,60,-63.75,-35.66,57.47,7.05
484,Marysville,90,US,1575791578,100,-122.18,48.05,48.99,1.1
485,Teya,40,MX,1575791792,93,-89.07,21.05,73.99,0.83
486,Zheleznodorozhnyy,90,RU,1575791793,86,38.0,55.75,35.01,11.18
487,Saint Anthony,100,US,1575791410,86,-111.68,43.97,35.6,3.44
488,Sao Joao do Piaui,0,BR,1575791793,63,-42.25,-8.36,74.03,6.15
489,Vila Velha,20,BR,1575791793,74,-38.6,-3.71,86.0,5.82
490,Pittenweem,75,GB,1575791793,93,-2.73,56.21,43.0,19.46
491,Ngunguru,100,NZ,1575791793,86,174.5,-35.62,69.01,7.0
492,Sept-Iles,20,CA,1575791702,55,-66.38,50.2,10.4,6.93
493,Havelock,1,US,1575791665,80,-76.9,34.88,42.8,9.17
494,Pangkalanbuun,100,ID,1575791794,90,111.62,-2.68,81.03,2.84
495,Moron,72,HT,1575791794,84,-74.26,18.56,78.19,21.0
496,Oranjestad,20,AW,1575791794,78,-70.03,12.52,80.6,6.93
497,Stony Plain,90,CA,1575791577,85,-114.0,53.53,10.99,4.7
498,Nouadhibou,0,MR,1575791794,72,-17.03,20.93,60.8,23.04
499,Sagua la Grande,5,CU,1575791795,87,-80.07,22.81,57.2,1.12
500,Qianan,40,CN,1575791795,89,124.06,44.99,17.46,4.68
501,Skjervoy,85,NO,1575791795,77,20.97,70.03,31.37,3.13
502,Atar,1,MR,1575791795,38,-13.05,20.52,63.01,13.89
503,Winslow,20,GB,1575791795,87,-0.88,51.94,50.0,14.99
504,Broken Hill,0,AU,1575791398,6,141.45,-31.97,96.8,13.87
505,Sinop,98,TR,1575791796,70,35.15,42.03,42.8,5.82
506,Ust-Karsk,100,RU,1575791796,97,118.82,52.71,-4.88,0.98
507,Ndola,99,ZM,1575791800,90,28.64,-12.97,68.94,4.85
508,Valleyview,89,CA,1575791800,95,-117.28,55.07,11.95,5.44
509,Charlestown,1,US,1575791800,62,-71.64,41.38,26.6,3.36
510,Maragogi,34,BR,1575791401,80,-35.22,-9.01,80.8,14.67
511,West Odessa,1,US,1575791800,61,-102.48,31.84,50.0,8.05
512,Diamantino,100,BR,1575791801,93,-56.44,-14.4,71.35,3.27
513,Westport,1,US,1575791801,68,-73.36,41.14,28.99,3.36
514,Cravo Norte,41,CO,1575791801,91,-70.2,6.3,73.9,5.88
515,Najran,0,SA,1575791802,29,44.22,17.54,78.8,4.7
516,Amazar,94,RU,1575791802,98,120.88,53.86,-13.74,1.66
517,Regina,90,CA,1575791802,85,-104.62,50.45,12.2,12.75
518,Gloucester,20,GB,1575791802,81,-2.25,51.87,50.0,9.17
519,Kaseda,0,JP,1575791802,61,130.32,31.42,53.6,4.7
520,Sampit,52,ID,1575791802,87,112.95,-2.54,83.71,2.48
521,Yarmouth,90,CA,1575791803,63,-66.12,43.84,27.0,12.75
522,Synya,100,RU,1575791803,94,58.04,65.37,27.57,12.95
523,Kloulklubed,90,PW,1575791803,88,134.26,7.04,78.8,9.17
524,Tigil,100,RU,1575791803,94,158.67,57.8,9.3,2.89
525,Leningradskiy,100,RU,1575791407,99,178.42,69.38,0.03,27.49
526,Ivoti,40,BR,1575791804,88,-51.16,-29.59,64.4,6.93
527,Makhachkala,90,RU,1575791804,86,47.5,42.98,39.2,8.95
528,Grindavik,40,IS,1575791804,68,-22.43,63.84,32.0,19.46
529,Yichang,0,CN,1575791804,53,111.32,30.77,53.78,4.63
530,Doha,20,QA,1575791804,51,51.53,25.29,80.6,8.05
531,Bristol,40,GB,1575791559,81,-2.6,51.45,50.0,23.04
532,Nkhotakota,17,MW,1575791805,66,34.3,-12.93,80.46,4.94
533,Aswan,0,EG,1575791805,32,32.9,24.09,68.41,10.33
534,Brenham,1,US,1575791805,100,-96.4,30.17,53.6,5.17
535,Wuwei,0,CN,1575791805,20,102.64,37.93,37.78,3.09
536,Neuruppin,75,DE,1575791805,75,12.81,52.92,46.99,12.75
537,Miquelon,100,PM,1575791806,66,-56.38,47.1,28.54,27.65
538,Kamenka,87,MD,1575791404,87,28.7,48.03,34.0,6.64
539,Klaksvik,100,FO,1575791806,93,-6.59,62.23,35.6,16.11
540,Salinopolis,0,BR,1575791561,78,-47.36,-0.61,82.17,16.02
541,Bandarbeyla,0,SO,1575791395,82,50.81,9.49,80.31,10.89
542,Suntar,100,RU,1575791807,97,117.65,62.16,-1.17,2.84
543,Dakar,62,SN,1575791290,77,-17.45,14.69,71.6,16.11
544,Grabouw,20,ZA,1575791807,50,19.01,-34.15,79.0,17.22
545,Mantua,40,IT,1575791807,93,10.79,45.16,44.01,1.12
546,Portland,1,US,1575791403,78,-70.25,43.66,18.0,7.34
547,Maralal,0,KE,1575791807,41,36.7,1.1,76.86,3.51
548,Clarence Town,2,AU,1575791808,60,151.78,-32.59,73.99,20.8
549,Sheltozero,100,RU,1575791808,94,35.37,61.37,38.52,19.95
550,Vaitape,100,PF,1575791808,79,-151.75,-16.52,81.55,18.32
